{
	"format_version": "1.8.0",
	"animations": {
		"idle": {
			"loop": true,
			"animation_length": 1.5,
			"bones": {
				"Aigialosaurus": {
					"position": [0, -3, 0]
				},
				"Head": {
					"position": {
						"0.0": [0, 0, 0],
						"0.75": [0, -0.25, 0],
						"1.5": [0, 0, 0]
					}
				},
				"Tail": {
					"position": {
						"0.0": [0, 0, 0],
						"0.8333": [0, -0.25, 0],
						"1.5": [0, 0, 0]
					}
				},
				"Leftarm": {
					"rotation": [-29.24492, -19.72192, -48.05529]
				},
				"Rightarm": {
					"rotation": [-25.76458, 19.5635, 49.24542]
				},
				"Leftleg": {
					"rotation": [-1.65932, -24.96458, -57.51859]
				},
				"Rightleg": {
					"rotation": [22.26513, 33.69084, 66.7545]
				}
			}
		},
		"swimming": {
			"loop": true,
			"animation_length": 1,
			"bones": {
				"Aigialosaurus": {
					"rotation": {
						"0.0": [-0.10912, 2.49762, 7.49762],
						"0.25": [-0.55394, 12.44025, -2.60781],
						"0.5": [-1.15916, 3.17422, -9.29233],
						"0.75": [-0.55394, -12.4402, 2.6078],
						"1.0": [-0.10912, 2.49762, 7.49762]
					}
				},
				"Head": {
					"rotation": {
						"0.0": [0, 5, 0],
						"0.25": [0, -16.25, 0],
						"0.5": [0, -7.5, 0],
						"0.75": [0, 16.25, 0],
						"1.0": [0, 5, 0]
					}
				},
				"Tail": {
					"rotation": {
						"0.0": [0, -27.5, 0],
						"0.5": [0, 27.5, 0],
						"1.0": [0, -27.5, 0]
					}
				}
			}
		},
		"bite": {
			"loop": true,
			"animation_length": 0.75,
			"bones": {
				"Head": {
					"rotation": {
						"0.0": [0, 0, 0],
						"0.125": [7.5, 0, 0],
						"0.2083": [10.36, 0, 0],
						"0.3333": [-10.86, 0, 0],
						"0.4167": [-10, 0, 0],
						"0.5": [0, 0, 0]
					},
					"position": {
						"0.0": [0, 0, 0],
						"0.125": [0, 0, 0.75],
						"0.2083": [0, 0, 1],
						"0.3333": [0, 0, -0.75],
						"0.4167": [0, 0, -0.5],
						"0.5": [0, 0, 0]
					}
				},
				"Jaw": {
					"rotation": {
						"0.125": [0, 0, 0],
						"0.2083": [30, 0, 0],
						"0.3333": [-5, 0, 0],
						"0.4167": [0, 0, 0]
					}
				}
			}
		}
	}
}